User_ID,Name,Age,City,Product,Purchase_Amount,Timestamp
103,Alice,,Chicago,None,79.0,2024-01-01 00:00:00
436,Dave,-10.0,Chicago,Trousers,,2024-01-01 01:00:00
349,John,150.0,Unknown,Trousers,1000.0,2024-01-01 02:00:00
271,Claire,150.0,London,Trousers,,2024-01-01 03:00:00
107,Bob,24.0,Los Angeles,Shoes,1000.0,2024-01-01 04:00:00
72,Bob,-10.0,Unknown,Shoes,,2024-01-01 05:00:00
189,John,-10.0,Chicago,T-shirt,1000.0,2024-01-01 06:00:00
21,Anna,,Paris,Trousers,,2024-01-01 07:00:00
103,John,24.0,Chicago,None,1000.0,2024-01-01 08:00:00
122,Alice,-10.0,Paris,Shirt,,2024-01-01 09:00:00
467,John,24.0,Unknown,T-shirt,,2024-01-01 10:00:00
215,Bob,150.0,London,Shoes,1000.0,2024-01-01 11:00:00
331,Dave,-10.0,Chicago,T-shirt,79.0,2024-01-01 12:00:00
459,John,-10.0,Paris,T-shirt,1000.0,2024-01-01 13:00:00
88,Anna,24.0,London,T-shirt,79.0,2024-01-01 14:00:00
373,Liam,-10.0,Los Angeles,T-shirt,,2024-01-01 15:00:00
100,Dave,24.0,Paris,Shirt,1000.0,2024-01-01 16:00:00
360,Claire,-10.0,Unknown,Trousers,1000.0,2024-01-01 17:00:00
152,Eve,,Los Angeles,None,1000.0,2024-01-01 18:00:00
131,John,24.0,Los Angeles,T-shirt,79.0,2024-01-01 19:00:00
150,Anna,-10.0,New York,T-shirt,79.0,2024-01-01 20:00:00
309,Dave,150.0,Chicago,T-shirt,,2024-01-01 21:00:00
258,Anna,-10.0,Paris,Trousers,79.0,2024-01-01 22:00:00
344,Claire,150.0,Los Angeles,Shoes,79.0,2024-01-01 23:00:00
492,Bob,150.0,New York,Shoes,,2024-01-02 00:00:00
414,Anna,,Unknown,Shirt,1000.0,2024-01-02 01:00:00
294,Dave,24.0,London,Shoes,1000.0,2024-01-02 02:00:00
386,Anna,-10.0,Paris,T-shirt,,2024-01-02 03:00:00
192,Anna,,Los Angeles,T-shirt,1000.0,2024-01-02 04:00:00
444,Anna,-10.0,Chicago,T-shirt,79.0,2024-01-02 05:00:00
277,Alice,150.0,New York,Shirt,,2024-01-02 06:00:00
161,Alice,24.0,Los Angeles,T-shirt,,2024-01-02 07:00:00
460,Bob,-10.0,Chicago,Shoes,,2024-01-02 08:00:00
314,John,-10.0,Los Angeles,Trousers,1000.0,2024-01-02 09:00:00
22,Anna,150.0,Paris,Trousers,,2024-01-02 10:00:00
253,Claire,-10.0,Paris,None,,2024-01-02 11:00:00
236,John,-10.0,Paris,Shoes,,2024-01-02 12:00:00
345,Claire,150.0,Unknown,T-shirt,1000.0,2024-01-02 13:00:00
49,John,,Unknown,Trousers,79.0,2024-01-02 14:00:00
475,Bob,150.0,New York,Shoes,,2024-01-02 15:00:00
59,Anna,,Paris,Trousers,79.0,2024-01-02 16:00:00
170,Anna,24.0,Chicago,T-shirt,1000.0,2024-01-02 17:00:00
476,Eve,,Los Angeles,Trousers,1000.0,2024-01-02 18:00:00
188,Claire,,London,None,1000.0,2024-01-02 19:00:00
464,John,24.0,Chicago,None,1000.0,2024-01-02 20:00:00
271,John,,Unknown,Trousers,79.0,2024-01-02 21:00:00
190,Liam,150.0,Unknown,Shoes,,2024-01-02 22:00:00
446,Liam,,Chicago,Shoes,1000.0,2024-01-02 23:00:00
175,Alice,24.0,Unknown,Shoes,1000.0,2024-01-03 00:00:00
446,Eve,150.0,Paris,Trousers,79.0,2024-01-03 01:00:00
51,Dave,24.0,New York,Shoes,79.0,2024-01-03 02:00:00
364,Liam,24.0,Los Angeles,T-shirt,1000.0,2024-01-03 03:00:00
55,Dave,-10.0,New York,None,,2024-01-03 04:00:00
244,Alice,-10.0,Los Angeles,T-shirt,,2024-01-03 05:00:00
320,Alice,24.0,Los Angeles,Shoes,1000.0,2024-01-03 06:00:00
131,Alice,24.0,New York,T-shirt,79.0,2024-01-03 07:00:00
485,Claire,24.0,Chicago,Shoes,1000.0,2024-01-03 08:00:00
307,Claire,-10.0,Los Angeles,Trousers,1000.0,2024-01-03 09:00:00
135,Bob,-10.0,New York,T-shirt,79.0,2024-01-03 10:00:00
21,Bob,,Los Angeles,Trousers,1000.0,2024-01-03 11:00:00
329,Alice,,London,Trousers,1000.0,2024-01-03 12:00:00
167,Eve,24.0,Chicago,Shirt,1000.0,2024-01-03 13:00:00
274,John,150.0,Paris,Shoes,79.0,2024-01-03 14:00:00
388,Claire,150.0,Los Angeles,None,,2024-01-03 15:00:00
89,Eve,-10.0,London,Shoes,,2024-01-03 16:00:00
316,Anna,-10.0,Paris,None,79.0,2024-01-03 17:00:00
14,Claire,-10.0,Paris,Shoes,,2024-01-03 18:00:00
242,Claire,24.0,Los Angeles,Trousers,1000.0,2024-01-03 19:00:00
265,Bob,150.0,New York,T-shirt,,2024-01-03 20:00:00
346,John,,Los Angeles,T-shirt,1000.0,2024-01-03 21:00:00
53,John,24.0,London,Shirt,,2024-01-03 22:00:00
386,Liam,,Paris,None,79.0,2024-01-03 23:00:00
340,Dave,,Los Angeles,None,,2024-01-04 00:00:00
92,Dave,24.0,New York,None,,2024-01-04 01:00:00
367,Dave,,Los Angeles,Trousers,,2024-01-04 02:00:00
444,Dave,150.0,Chicago,None,79.0,2024-01-04 03:00:00
455,Anna,,New York,T-shirt,,2024-01-04 04:00:00
428,Anna,150.0,London,Trousers,79.0,2024-01-04 05:00:00
264,Claire,150.0,Paris,Shoes,1000.0,2024-01-04 06:00:00
431,Alice,150.0,Los Angeles,None,,2024-01-04 07:00:00
35,Bob,-10.0,New York,None,79.0,2024-01-04 08:00:00
206,Bob,,Chicago,Shoes,79.0,2024-01-04 09:00:00
81,Dave,24.0,New York,None,,2024-01-04 10:00:00
420,Claire,24.0,Unknown,Shoes,1000.0,2024-01-04 11:00:00
50,Liam,,Chicago,Trousers,79.0,2024-01-04 12:00:00
360,Eve,-10.0,London,T-shirt,,2024-01-04 13:00:00
388,Alice,-10.0,Paris,Shoes,1000.0,2024-01-04 14:00:00
2,Claire,150.0,London,Shirt,79.0,2024-01-04 15:00:00
390,Alice,,Los Angeles,Shoes,79.0,2024-01-04 16:00:00
54,Alice,,New York,None,1000.0,2024-01-04 17:00:00
106,Alice,24.0,Unknown,Trousers,1000.0,2024-01-04 18:00:00
260,Claire,,Chicago,Trousers,,2024-01-04 19:00:00
310,Dave,-10.0,Chicago,Shoes,,2024-01-04 20:00:00
477,Bob,,New York,T-shirt,79.0,2024-01-04 21:00:00
191,Bob,24.0,Unknown,Shirt,1000.0,2024-01-04 22:00:00
402,Dave,150.0,New York,Trousers,1000.0,2024-01-04 23:00:00
218,Alice,24.0,Los Angeles,None,1000.0,2024-01-05 00:00:00
44,Eve,24.0,London,None,79.0,2024-01-05 01:00:00
162,John,150.0,Chicago,T-shirt,1000.0,2024-01-05 02:00:00
202,Claire,24.0,Los Angeles,Trousers,1000.0,2024-01-05 03:00:00
446,John,24.0,London,Shoes,79.0,2024-01-05 04:00:00
484,Liam,,Los Angeles,None,,2024-01-05 05:00:00
270,Dave,,Unknown,T-shirt,,2024-01-05 06:00:00
351,Eve,150.0,Chicago,Trousers,79.0,2024-01-05 07:00:00
304,Claire,,New York,Trousers,1000.0,2024-01-05 08:00:00
271,Dave,,New York,Trousers,79.0,2024-01-05 09:00:00
456,Alice,24.0,London,Trousers,,2024-01-05 10:00:00
462,Bob,-10.0,Paris,Trousers,,2024-01-05 11:00:00
215,John,,Unknown,None,79.0,2024-01-05 12:00:00
252,Anna,-10.0,London,T-shirt,79.0,2024-01-05 13:00:00
190,Anna,,Paris,Trousers,,2024-01-05 14:00:00
296,Eve,,Los Angeles,Shirt,79.0,2024-01-05 15:00:00
213,Alice,150.0,Unknown,Shirt,,2024-01-05 16:00:00
208,Liam,150.0,Los Angeles,T-shirt,79.0,2024-01-05 17:00:00
237,John,150.0,Chicago,Shoes,79.0,2024-01-05 18:00:00
338,Alice,-10.0,Unknown,Shoes,79.0,2024-01-05 19:00:00
367,John,24.0,Paris,Shoes,,2024-01-05 20:00:00
53,Eve,,Chicago,Shirt,79.0,2024-01-05 21:00:00
280,Eve,,New York,Shoes,,2024-01-05 22:00:00
410,Liam,,Paris,None,,2024-01-05 23:00:00
217,Anna,-10.0,London,Trousers,79.0,2024-01-06 00:00:00
252,Alice,150.0,New York,Shirt,79.0,2024-01-06 01:00:00
188,Claire,24.0,New York,T-shirt,,2024-01-06 02:00:00
380,Anna,-10.0,London,T-shirt,,2024-01-06 03:00:00
493,Alice,150.0,Unknown,Trousers,1000.0,2024-01-06 04:00:00
41,Anna,-10.0,New York,Shirt,,2024-01-06 05:00:00
157,Claire,24.0,Paris,Shoes,1000.0,2024-01-06 06:00:00
15,Bob,150.0,Chicago,Shoes,1000.0,2024-01-06 07:00:00
301,Bob,-10.0,New York,None,1000.0,2024-01-06 08:00:00
65,Liam,24.0,Paris,None,79.0,2024-01-06 09:00:00
345,Bob,,Los Angeles,Shoes,79.0,2024-01-06 10:00:00
327,Bob,24.0,Paris,T-shirt,,2024-01-06 11:00:00
9,Dave,,Chicago,T-shirt,1000.0,2024-01-06 12:00:00
344,John,-10.0,Paris,None,79.0,2024-01-06 13:00:00
129,Dave,150.0,London,Trousers,79.0,2024-01-06 14:00:00
492,Dave,150.0,Chicago,Shoes,79.0,2024-01-06 15:00:00
136,Liam,-10.0,Unknown,None,79.0,2024-01-06 16:00:00
472,Dave,150.0,Los Angeles,None,79.0,2024-01-06 17:00:00
63,Bob,150.0,London,Shoes,1000.0,2024-01-06 18:00:00
139,Claire,,Unknown,Shoes,1000.0,2024-01-06 19:00:00
499,Liam,-10.0,Paris,T-shirt,1000.0,2024-01-06 20:00:00
81,Liam,24.0,Chicago,Trousers,1000.0,2024-01-06 21:00:00
392,Eve,,Los Angeles,Trousers,,2024-01-06 22:00:00
163,Liam,-10.0,London,Shoes,1000.0,2024-01-06 23:00:00
419,Eve,,Unknown,Shirt,79.0,2024-01-07 00:00:00
289,Liam,24.0,Unknown,None,1000.0,2024-01-07 01:00:00
379,John,24.0,Los Angeles,None,,2024-01-07 02:00:00
261,Bob,-10.0,Paris,Shoes,79.0,2024-01-07 03:00:00
490,Liam,24.0,Los Angeles,Shirt,1000.0,2024-01-07 04:00:00
231,Bob,,Unknown,T-shirt,1000.0,2024-01-07 05:00:00
41,Bob,24.0,New York,Shoes,1000.0,2024-01-07 06:00:00
28,Anna,,London,Shoes,79.0,2024-01-07 07:00:00
135,Liam,,Los Angeles,None,79.0,2024-01-07 08:00:00
201,Alice,24.0,Unknown,Shoes,,2024-01-07 09:00:00
328,Anna,-10.0,Paris,Shoes,79.0,2024-01-07 10:00:00
268,Alice,150.0,Unknown,Shoes,79.0,2024-01-07 11:00:00
418,Bob,24.0,Paris,None,1000.0,2024-01-07 12:00:00
33,Bob,,Los Angeles,T-shirt,79.0,2024-01-07 13:00:00
48,Anna,,Paris,T-shirt,1000.0,2024-01-07 14:00:00
407,Anna,24.0,Chicago,Shoes,1000.0,2024-01-07 15:00:00
62,Alice,-10.0,Chicago,None,79.0,2024-01-07 16:00:00
216,Eve,-10.0,Chicago,T-shirt,,2024-01-07 17:00:00
293,Alice,,New York,T-shirt,,2024-01-07 18:00:00
99,Anna,,Los Angeles,T-shirt,79.0,2024-01-07 19:00:00
172,Claire,-10.0,Unknown,None,,2024-01-07 20:00:00
360,Anna,150.0,Unknown,None,1000.0,2024-01-07 21:00:00
214,Claire,24.0,New York,Shoes,1000.0,2024-01-07 22:00:00
475,John,,Paris,Trousers,79.0,2024-01-07 23:00:00
35,Anna,,New York,T-shirt,,2024-01-08 00:00:00
449,John,-10.0,Paris,Trousers,,2024-01-08 01:00:00
227,Eve,24.0,Paris,None,1000.0,2024-01-08 02:00:00
101,Alice,-10.0,London,None,79.0,2024-01-08 03:00:00
431,Claire,24.0,Unknown,None,,2024-01-08 04:00:00
462,Alice,24.0,Chicago,Trousers,79.0,2024-01-08 05:00:00
131,John,24.0,Paris,None,,2024-01-08 06:00:00
257,Claire,,London,Shoes,1000.0,2024-01-08 07:00:00
5,Alice,150.0,Unknown,None,1000.0,2024-01-08 08:00:00
218,Anna,-10.0,Chicago,Shirt,79.0,2024-01-08 09:00:00
255,Bob,150.0,Paris,Trousers,1000.0,2024-01-08 10:00:00
398,John,-10.0,Paris,Shirt,,2024-01-08 11:00:00
359,Alice,24.0,New York,None,1000.0,2024-01-08 12:00:00
283,John,,New York,Shoes,79.0,2024-01-08 13:00:00
393,Dave,150.0,Unknown,T-shirt,79.0,2024-01-08 14:00:00
207,John,,Chicago,None,79.0,2024-01-08 15:00:00
15,Claire,-10.0,Paris,Shoes,,2024-01-08 16:00:00
346,Dave,,Unknown,Trousers,,2024-01-08 17:00:00
42,Liam,,Unknown,Shirt,,2024-01-08 18:00:00
380,Claire,150.0,Los Angeles,Shirt,,2024-01-08 19:00:00
461,Bob,24.0,New York,Shirt,,2024-01-08 20:00:00
179,Dave,,Chicago,Trousers,1000.0,2024-01-08 21:00:00
63,Liam,24.0,Paris,Shoes,,2024-01-08 22:00:00
352,Anna,-10.0,Unknown,Trousers,,2024-01-08 23:00:00
231,John,,Paris,Shirt,1000.0,2024-01-09 00:00:00
241,Alice,150.0,Los Angeles,None,,2024-01-09 01:00:00
52,Eve,-10.0,Chicago,T-shirt,79.0,2024-01-09 02:00:00
96,John,-10.0,Unknown,Trousers,,2024-01-09 03:00:00
388,Liam,150.0,Paris,Trousers,,2024-01-09 04:00:00
222,John,,New York,Shoes,79.0,2024-01-09 05:00:00
485,Bob,,Los Angeles,Shoes,79.0,2024-01-09 06:00:00
407,Anna,-10.0,Chicago,Trousers,79.0,2024-01-09 07:00:00
231,Eve,,Los Angeles,Shirt,79.0,2024-01-09 08:00:00
237,Dave,24.0,New York,T-shirt,,2024-01-09 09:00:00
143,Dave,150.0,Chicago,Shoes,79.0,2024-01-09 10:00:00
171,Dave,24.0,Los Angeles,Shirt,79.0,2024-01-09 11:00:00
29,Liam,,London,None,1000.0,2024-01-09 12:00:00
36,Claire,-10.0,New York,Shoes,79.0,2024-01-09 13:00:00
13,Claire,150.0,New York,Shirt,79.0,2024-01-09 14:00:00
160,Alice,,New York,Shirt,1000.0,2024-01-09 15:00:00
327,Eve,,London,T-shirt,1000.0,2024-01-09 16:00:00
187,Dave,-10.0,London,T-shirt,,2024-01-09 17:00:00
243,Claire,-10.0,Paris,None,1000.0,2024-01-09 18:00:00
86,Liam,24.0,Unknown,Shirt,,2024-01-09 19:00:00
284,Alice,150.0,Los Angeles,Shirt,1000.0,2024-01-09 20:00:00
66,Anna,150.0,Paris,T-shirt,1000.0,2024-01-09 21:00:00
170,Alice,-10.0,Los Angeles,Shoes,,2024-01-09 22:00:00
45,Claire,24.0,Unknown,Shoes,1000.0,2024-01-09 23:00:00
62,Bob,150.0,London,Trousers,,2024-01-10 00:00:00
441,Liam,-10.0,Unknown,T-shirt,1000.0,2024-01-10 01:00:00
134,Bob,,London,Trousers,79.0,2024-01-10 02:00:00
284,Dave,150.0,Unknown,T-shirt,1000.0,2024-01-10 03:00:00
28,Bob,24.0,Paris,None,,2024-01-10 04:00:00
108,Dave,24.0,Chicago,Shirt,1000.0,2024-01-10 05:00:00
44,Dave,24.0,Paris,None,,2024-01-10 06:00:00
340,Claire,,Los Angeles,T-shirt,,2024-01-10 07:00:00
286,Bob,150.0,Paris,Shirt,79.0,2024-01-10 08:00:00
446,Dave,150.0,New York,Shoes,79.0,2024-01-10 09:00:00
331,Eve,,Los Angeles,Shoes,,2024-01-10 10:00:00
128,Anna,150.0,Unknown,Trousers,1000.0,2024-01-10 11:00:00
348,Alice,,Los Angeles,T-shirt,,2024-01-10 12:00:00
473,Alice,,Chicago,T-shirt,,2024-01-10 13:00:00
231,Claire,,London,Shoes,1000.0,2024-01-10 14:00:00
190,Bob,24.0,Unknown,None,1000.0,2024-01-10 15:00:00
225,Bob,150.0,Los Angeles,Shirt,1000.0,2024-01-10 16:00:00
385,Dave,,Unknown,None,1000.0,2024-01-10 17:00:00
377,Liam,150.0,Unknown,None,,2024-01-10 18:00:00
283,John,24.0,Unknown,Shoes,,2024-01-10 19:00:00
446,Dave,,London,Shoes,79.0,2024-01-10 20:00:00
121,Anna,-10.0,Paris,Shoes,,2024-01-10 21:00:00
116,Eve,24.0,Unknown,Trousers,1000.0,2024-01-10 22:00:00
461,Alice,-10.0,New York,None,79.0,2024-01-10 23:00:00
233,Dave,150.0,Chicago,T-shirt,1000.0,2024-01-11 00:00:00
259,John,150.0,London,Shirt,,2024-01-11 01:00:00
359,John,24.0,Los Angeles,Trousers,79.0,2024-01-11 02:00:00
198,Dave,150.0,London,T-shirt,1000.0,2024-01-11 03:00:00
456,Claire,-10.0,Los Angeles,None,79.0,2024-01-11 04:00:00
411,Alice,,London,Shoes,79.0,2024-01-11 05:00:00
137,Claire,,Los Angeles,None,,2024-01-11 06:00:00
318,Eve,,Unknown,Shirt,1000.0,2024-01-11 07:00:00
165,John,24.0,Paris,Trousers,79.0,2024-01-11 08:00:00
225,John,150.0,Los Angeles,Trousers,79.0,2024-01-11 09:00:00
307,Anna,-10.0,Los Angeles,Shirt,1000.0,2024-01-11 10:00:00
234,Eve,150.0,New York,T-shirt,79.0,2024-01-11 11:00:00
172,John,150.0,Los Angeles,T-shirt,79.0,2024-01-11 12:00:00
152,Eve,150.0,New York,Trousers,79.0,2024-01-11 13:00:00
463,Alice,,Chicago,Trousers,1000.0,2024-01-11 14:00:00
315,Bob,-10.0,Unknown,Shoes,1000.0,2024-01-11 15:00:00
374,John,-10.0,New York,T-shirt,1000.0,2024-01-11 16:00:00
160,Anna,150.0,Paris,Shirt,1000.0,2024-01-11 17:00:00
96,Alice,,Unknown,T-shirt,,2024-01-11 18:00:00
472,Dave,,New York,Shoes,79.0,2024-01-11 19:00:00
233,Eve,-10.0,Unknown,Trousers,1000.0,2024-01-11 20:00:00
180,Dave,,Unknown,Trousers,79.0,2024-01-11 21:00:00
113,Claire,,Unknown,Shoes,79.0,2024-01-11 22:00:00
318,Alice,,Chicago,Shirt,,2024-01-11 23:00:00
497,Dave,24.0,Paris,Trousers,1000.0,2024-01-12 00:00:00
442,Liam,150.0,London,None,1000.0,2024-01-12 01:00:00
52,Liam,-10.0,London,Trousers,79.0,2024-01-12 02:00:00
268,John,-10.0,New York,None,1000.0,2024-01-12 03:00:00
295,Eve,24.0,Unknown,Shoes,79.0,2024-01-12 04:00:00
386,Bob,150.0,New York,Shoes,79.0,2024-01-12 05:00:00
387,Alice,-10.0,Chicago,Trousers,,2024-01-12 06:00:00
113,John,,Chicago,T-shirt,,2024-01-12 07:00:00
101,Anna,-10.0,Los Angeles,None,,2024-01-12 08:00:00
113,Claire,,Chicago,Shirt,79.0,2024-01-12 09:00:00
440,Eve,24.0,Los Angeles,Trousers,1000.0,2024-01-12 10:00:00
81,Alice,,Paris,Shirt,,2024-01-12 11:00:00
187,Liam,-10.0,New York,Trousers,1000.0,2024-01-12 12:00:00
113,Alice,-10.0,Paris,T-shirt,,2024-01-12 13:00:00
2,Bob,-10.0,Chicago,T-shirt,,2024-01-12 14:00:00
130,Liam,24.0,Paris,T-shirt,79.0,2024-01-12 15:00:00
220,Bob,24.0,Paris,T-shirt,,2024-01-12 16:00:00
54,Anna,150.0,Paris,Shoes,,2024-01-12 17:00:00
343,Claire,-10.0,Chicago,Shoes,79.0,2024-01-12 18:00:00
485,Anna,,Unknown,None,1000.0,2024-01-12 19:00:00
224,John,24.0,Paris,Shirt,,2024-01-12 20:00:00
225,John,-10.0,Los Angeles,Trousers,79.0,2024-01-12 21:00:00
385,Anna,-10.0,Chicago,Trousers,,2024-01-12 22:00:00
403,Claire,24.0,Paris,Shoes,79.0,2024-01-12 23:00:00
126,Anna,150.0,Unknown,Trousers,1000.0,2024-01-13 00:00:00
130,Claire,24.0,Chicago,Shoes,1000.0,2024-01-13 01:00:00
53,Claire,24.0,London,None,79.0,2024-01-13 02:00:00
172,Dave,,Unknown,Shirt,79.0,2024-01-13 03:00:00
218,Liam,,Los Angeles,None,79.0,2024-01-13 04:00:00
160,Eve,150.0,Paris,T-shirt,1000.0,2024-01-13 05:00:00
198,Claire,-10.0,London,T-shirt,,2024-01-13 06:00:00
416,Bob,24.0,London,T-shirt,1000.0,2024-01-13 07:00:00
247,Claire,150.0,Chicago,None,79.0,2024-01-13 08:00:00
324,Claire,,London,Trousers,79.0,2024-01-13 09:00:00
439,Claire,24.0,Los Angeles,Shirt,1000.0,2024-01-13 10:00:00
203,Dave,-10.0,Los Angeles,T-shirt,79.0,2024-01-13 11:00:00
184,Liam,,New York,T-shirt,1000.0,2024-01-13 12:00:00
123,Dave,,Los Angeles,T-shirt,79.0,2024-01-13 13:00:00
401,John,,Unknown,Shirt,,2024-01-13 14:00:00
255,Dave,150.0,London,T-shirt,,2024-01-13 15:00:00
294,Bob,-10.0,Los Angeles,Shirt,79.0,2024-01-13 16:00:00
280,Bob,24.0,Chicago,T-shirt,1000.0,2024-01-13 17:00:00
325,Dave,150.0,New York,None,,2024-01-13 18:00:00
372,Liam,150.0,London,None,1000.0,2024-01-13 19:00:00
98,Anna,150.0,New York,Shirt,79.0,2024-01-13 20:00:00
198,Eve,,London,None,1000.0,2024-01-13 21:00:00
470,Liam,-10.0,Chicago,Shirt,,2024-01-13 22:00:00
395,Dave,150.0,New York,None,1000.0,2024-01-13 23:00:00
240,Claire,24.0,Paris,None,1000.0,2024-01-14 00:00:00
144,Alice,-10.0,Unknown,Shirt,79.0,2024-01-14 01:00:00
97,Eve,24.0,Unknown,Trousers,79.0,2024-01-14 02:00:00
201,Eve,-10.0,London,None,79.0,2024-01-14 03:00:00
124,Bob,24.0,Paris,T-shirt,,2024-01-14 04:00:00
187,Eve,,New York,Trousers,,2024-01-14 05:00:00
326,Dave,150.0,Paris,Shirt,79.0,2024-01-14 06:00:00
464,Claire,24.0,Paris,Trousers,79.0,2024-01-14 07:00:00
349,Claire,-10.0,New York,Shoes,,2024-01-14 08:00:00
259,John,150.0,Chicago,Shoes,,2024-01-14 09:00:00
148,Claire,150.0,Paris,None,,2024-01-14 10:00:00
252,Liam,-10.0,Paris,None,,2024-01-14 11:00:00
443,Claire,24.0,Chicago,T-shirt,79.0,2024-01-14 12:00:00
420,Bob,,Paris,Trousers,,2024-01-14 13:00:00
403,Claire,,Paris,Shoes,79.0,2024-01-14 14:00:00
346,John,24.0,Paris,None,1000.0,2024-01-14 15:00:00
451,Alice,150.0,Unknown,Trousers,1000.0,2024-01-14 16:00:00
147,Dave,150.0,Los Angeles,None,,2024-01-14 17:00:00
148,Bob,150.0,Chicago,None,1000.0,2024-01-14 18:00:00
352,Liam,150.0,Paris,Shoes,1000.0,2024-01-14 19:00:00
199,Alice,24.0,Unknown,Shoes,1000.0,2024-01-14 20:00:00
308,Bob,150.0,Chicago,None,,2024-01-14 21:00:00
489,Anna,-10.0,London,Shirt,,2024-01-14 22:00:00
417,Eve,150.0,London,None,1000.0,2024-01-14 23:00:00
424,Anna,,Paris,None,79.0,2024-01-15 00:00:00
128,Claire,150.0,Unknown,T-shirt,1000.0,2024-01-15 01:00:00
39,Alice,24.0,Unknown,T-shirt,,2024-01-15 02:00:00
338,Claire,,Chicago,T-shirt,,2024-01-15 03:00:00
360,Eve,24.0,Chicago,Shirt,,2024-01-15 04:00:00
129,Bob,24.0,Unknown,Shirt,1000.0,2024-01-15 05:00:00
267,Eve,,Chicago,None,79.0,2024-01-15 06:00:00
476,John,24.0,Unknown,T-shirt,,2024-01-15 07:00:00
441,Eve,24.0,Los Angeles,Shirt,,2024-01-15 08:00:00
473,John,150.0,Unknown,Shoes,1000.0,2024-01-15 09:00:00
434,Eve,-10.0,London,None,79.0,2024-01-15 10:00:00
151,Dave,24.0,Chicago,Trousers,1000.0,2024-01-15 11:00:00
415,John,24.0,Unknown,None,,2024-01-15 12:00:00
478,Alice,24.0,Unknown,Trousers,79.0,2024-01-15 13:00:00
298,Claire,150.0,Chicago,T-shirt,79.0,2024-01-15 14:00:00
99,Liam,-10.0,Los Angeles,Trousers,,2024-01-15 15:00:00
263,Claire,,Los Angeles,T-shirt,79.0,2024-01-15 16:00:00
252,Anna,150.0,Chicago,Shoes,79.0,2024-01-15 17:00:00
144,Claire,150.0,New York,Trousers,1000.0,2024-01-15 18:00:00
346,Bob,-10.0,Chicago,None,,2024-01-15 19:00:00
112,Dave,-10.0,Chicago,T-shirt,,2024-01-15 20:00:00
60,Eve,150.0,Los Angeles,None,,2024-01-15 21:00:00
369,Anna,,Los Angeles,Shirt,,2024-01-15 22:00:00
2,Bob,150.0,Chicago,T-shirt,,2024-01-15 23:00:00
385,Bob,-10.0,Chicago,Trousers,79.0,2024-01-16 00:00:00
304,John,,Chicago,T-shirt,1000.0,2024-01-16 01:00:00
254,Claire,-10.0,Los Angeles,None,,2024-01-16 02:00:00
140,Alice,,Chicago,Shoes,1000.0,2024-01-16 03:00:00
453,Liam,24.0,Chicago,T-shirt,1000.0,2024-01-16 04:00:00
37,Alice,-10.0,Paris,Trousers,79.0,2024-01-16 05:00:00
160,Anna,-10.0,New York,Shirt,,2024-01-16 06:00:00
9,Dave,150.0,London,Shoes,79.0,2024-01-16 07:00:00
233,Alice,-10.0,New York,Shirt,,2024-01-16 08:00:00
99,Eve,-10.0,Paris,T-shirt,79.0,2024-01-16 09:00:00
147,Alice,24.0,London,None,1000.0,2024-01-16 10:00:00
304,Anna,-10.0,Chicago,None,,2024-01-16 11:00:00
208,Liam,24.0,Paris,Trousers,1000.0,2024-01-16 12:00:00
131,Alice,24.0,Chicago,None,1000.0,2024-01-16 13:00:00
404,Eve,24.0,Los Angeles,Shoes,79.0,2024-01-16 14:00:00
152,John,24.0,Unknown,None,,2024-01-16 15:00:00
54,Dave,,Paris,Trousers,1000.0,2024-01-16 16:00:00
120,Anna,150.0,Los Angeles,T-shirt,79.0,2024-01-16 17:00:00
161,John,,Paris,T-shirt,,2024-01-16 18:00:00
408,John,-10.0,Paris,None,,2024-01-16 19:00:00
116,John,,Los Angeles,Shirt,1000.0,2024-01-16 20:00:00
75,Bob,,London,T-shirt,,2024-01-16 21:00:00
113,Dave,-10.0,New York,None,1000.0,2024-01-16 22:00:00
456,Liam,-10.0,Chicago,Trousers,,2024-01-16 23:00:00
420,Claire,-10.0,Paris,None,79.0,2024-01-17 00:00:00
422,Dave,,Chicago,T-shirt,1000.0,2024-01-17 01:00:00
104,Bob,,Unknown,Trousers,1000.0,2024-01-17 02:00:00
340,Claire,-10.0,Los Angeles,None,,2024-01-17 03:00:00
254,Dave,150.0,Chicago,Shoes,,2024-01-17 04:00:00
227,John,150.0,Los Angeles,Trousers,1000.0,2024-01-17 05:00:00
112,Anna,24.0,Chicago,Shoes,,2024-01-17 06:00:00
473,Claire,-10.0,New York,Shirt,79.0,2024-01-17 07:00:00
99,Eve,24.0,New York,Trousers,,2024-01-17 08:00:00
153,Eve,150.0,New York,Shoes,79.0,2024-01-17 09:00:00
349,Alice,24.0,New York,T-shirt,79.0,2024-01-17 10:00:00
402,Claire,-10.0,New York,T-shirt,79.0,2024-01-17 11:00:00
384,Anna,-10.0,New York,Shirt,79.0,2024-01-17 12:00:00
366,Liam,-10.0,Los Angeles,Trousers,79.0,2024-01-17 13:00:00
338,Bob,,Paris,Trousers,,2024-01-17 14:00:00
194,John,24.0,Chicago,Trousers,79.0,2024-01-17 15:00:00
310,Alice,150.0,New York,Shirt,,2024-01-17 16:00:00
163,Eve,150.0,Los Angeles,Trousers,79.0,2024-01-17 17:00:00
208,Bob,150.0,Los Angeles,T-shirt,1000.0,2024-01-17 18:00:00
445,Bob,,Los Angeles,Shoes,79.0,2024-01-17 19:00:00
169,John,,Paris,T-shirt,1000.0,2024-01-17 20:00:00
484,Liam,-10.0,Chicago,T-shirt,79.0,2024-01-17 21:00:00
161,Liam,150.0,Paris,Shoes,79.0,2024-01-17 22:00:00
68,Claire,,London,T-shirt,79.0,2024-01-17 23:00:00
289,Eve,-10.0,Los Angeles,Shirt,1000.0,2024-01-18 00:00:00
398,Liam,150.0,London,Shoes,1000.0,2024-01-18 01:00:00
277,Anna,24.0,Unknown,T-shirt,79.0,2024-01-18 02:00:00
304,Liam,-10.0,New York,None,,2024-01-18 03:00:00
404,Bob,,New York,T-shirt,79.0,2024-01-18 04:00:00
384,John,,Paris,Shirt,1000.0,2024-01-18 05:00:00
392,Anna,-10.0,Chicago,Trousers,79.0,2024-01-18 06:00:00
135,Claire,-10.0,London,T-shirt,1000.0,2024-01-18 07:00:00
195,Eve,,Chicago,Trousers,1000.0,2024-01-18 08:00:00
401,Claire,24.0,Paris,None,1000.0,2024-01-18 09:00:00
128,Bob,150.0,New York,T-shirt,79.0,2024-01-18 10:00:00
33,Anna,24.0,Chicago,Shoes,1000.0,2024-01-18 11:00:00
176,Anna,-10.0,Chicago,Trousers,1000.0,2024-01-18 12:00:00
460,Anna,24.0,New York,None,79.0,2024-01-18 13:00:00
443,Bob,,London,Shoes,1000.0,2024-01-18 14:00:00
371,Bob,-10.0,New York,Shoes,79.0,2024-01-18 15:00:00
470,Claire,150.0,Chicago,Shoes,1000.0,2024-01-18 16:00:00
375,Alice,,London,Shoes,,2024-01-18 17:00:00
22,Claire,,London,T-shirt,,2024-01-18 18:00:00
238,Eve,150.0,New York,T-shirt,1000.0,2024-01-18 19:00:00
158,John,150.0,Chicago,T-shirt,,2024-01-18 20:00:00
38,Anna,24.0,Paris,None,79.0,2024-01-18 21:00:00
230,Alice,-10.0,Chicago,None,,2024-01-18 22:00:00
365,John,150.0,Los Angeles,None,1000.0,2024-01-18 23:00:00
51,Alice,150.0,Unknown,Shirt,1000.0,2024-01-19 00:00:00
438,Liam,-10.0,Paris,None,79.0,2024-01-19 01:00:00
264,Liam,150.0,London,T-shirt,1000.0,2024-01-19 02:00:00
283,Dave,150.0,Paris,T-shirt,79.0,2024-01-19 03:00:00
27,Liam,24.0,London,Shirt,,2024-01-19 04:00:00
226,Claire,,London,Shirt,,2024-01-19 05:00:00
277,Liam,,Paris,None,79.0,2024-01-19 06:00:00
286,Bob,,London,Trousers,79.0,2024-01-19 07:00:00
97,Anna,,London,Shirt,1000.0,2024-01-19 08:00:00
284,Claire,150.0,Los Angeles,Shoes,,2024-01-19 09:00:00
367,John,-10.0,Chicago,T-shirt,79.0,2024-01-19 10:00:00
448,Dave,-10.0,Chicago,Shoes,,2024-01-19 11:00:00
481,Dave,24.0,Unknown,T-shirt,79.0,2024-01-19 12:00:00
453,Dave,24.0,Unknown,T-shirt,,2024-01-19 13:00:00
317,John,150.0,Los Angeles,Shirt,1000.0,2024-01-19 14:00:00
304,John,-10.0,Unknown,Shirt,,2024-01-19 15:00:00
147,John,-10.0,Paris,Shoes,,2024-01-19 16:00:00
4,John,,New York,T-shirt,,2024-01-19 17:00:00
35,Dave,150.0,New York,Shoes,,2024-01-19 18:00:00
192,Dave,150.0,New York,Trousers,,2024-01-19 19:00:00
49,Alice,,Los Angeles,Shoes,1000.0,2024-01-19 20:00:00
17,Claire,150.0,Los Angeles,None,79.0,2024-01-19 21:00:00
172,Anna,150.0,London,Shoes,,2024-01-19 22:00:00
220,Liam,24.0,New York,None,1000.0,2024-01-19 23:00:00
158,Liam,-10.0,Paris,None,,2024-01-20 00:00:00
477,Bob,150.0,Unknown,None,,2024-01-20 01:00:00
46,Dave,24.0,Paris,Trousers,79.0,2024-01-20 02:00:00
373,Bob,-10.0,Unknown,Shoes,,2024-01-20 03:00:00
6,Claire,,New York,Shoes,1000.0,2024-01-20 04:00:00
99,Claire,24.0,New York,Trousers,1000.0,2024-01-20 05:00:00
380,Bob,24.0,New York,T-shirt,79.0,2024-01-20 06:00:00
233,Dave,-10.0,Los Angeles,Shirt,,2024-01-20 07:00:00
37,Bob,,Unknown,Shoes,1000.0,2024-01-20 08:00:00
280,Liam,24.0,Los Angeles,Shirt,,2024-01-20 09:00:00
349,Alice,150.0,Los Angeles,Trousers,,2024-01-20 10:00:00
497,Liam,150.0,Chicago,T-shirt,,2024-01-20 11:00:00
302,Eve,150.0,Paris,T-shirt,79.0,2024-01-20 12:00:00
181,Dave,,Paris,T-shirt,,2024-01-20 13:00:00
95,Dave,24.0,London,Trousers,1000.0,2024-01-20 14:00:00
99,Anna,150.0,Los Angeles,None,,2024-01-20 15:00:00
188,John,,Unknown,None,1000.0,2024-01-20 16:00:00
481,Eve,150.0,Chicago,Shirt,,2024-01-20 17:00:00
116,Claire,-10.0,Chicago,None,1000.0,2024-01-20 18:00:00
191,Dave,24.0,Paris,None,1000.0,2024-01-20 19:00:00
253,Bob,24.0,Los Angeles,T-shirt,,2024-01-20 20:00:00
469,Eve,,London,T-shirt,,2024-01-20 21:00:00
416,Anna,,Los Angeles,Shirt,1000.0,2024-01-20 22:00:00
471,Claire,24.0,New York,Shoes,79.0,2024-01-20 23:00:00
161,John,150.0,Los Angeles,Shirt,,2024-01-21 00:00:00
256,John,150.0,New York,Shirt,79.0,2024-01-21 01:00:00
323,Anna,-10.0,New York,Trousers,,2024-01-21 02:00:00
128,Anna,150.0,London,Trousers,,2024-01-21 03:00:00
18,Bob,,Unknown,Shirt,,2024-01-21 04:00:00
281,Dave,,Paris,Shirt,,2024-01-21 05:00:00
490,John,150.0,Los Angeles,Shirt,79.0,2024-01-21 06:00:00
223,Claire,,New York,None,,2024-01-21 07:00:00
54,Eve,24.0,Los Angeles,Trousers,1000.0,2024-01-21 08:00:00
58,Claire,24.0,Unknown,Shirt,1000.0,2024-01-21 09:00:00
323,Alice,150.0,Paris,T-shirt,79.0,2024-01-21 10:00:00
360,Alice,24.0,Unknown,T-shirt,,2024-01-21 11:00:00
174,Anna,24.0,Paris,None,1000.0,2024-01-21 12:00:00
280,Bob,-10.0,Chicago,None,79.0,2024-01-21 13:00:00
114,Alice,-10.0,Paris,Shoes,,2024-01-21 14:00:00
288,John,24.0,London,Shoes,1000.0,2024-01-21 15:00:00
431,Claire,150.0,Unknown,Shoes,1000.0,2024-01-21 16:00:00
342,Claire,-10.0,New York,None,79.0,2024-01-21 17:00:00
151,Anna,,Chicago,None,,2024-01-21 18:00:00
450,Dave,,London,None,,2024-01-21 19:00:00
127,Dave,,Los Angeles,T-shirt,1000.0,2024-01-21 20:00:00
155,Eve,150.0,Unknown,None,1000.0,2024-01-21 21:00:00
490,Anna,24.0,New York,T-shirt,1000.0,2024-01-21 22:00:00
386,Liam,,Paris,Shoes,,2024-01-21 23:00:00
474,Eve,150.0,New York,Shoes,79.0,2024-01-22 00:00:00
273,Liam,-10.0,Los Angeles,Shoes,79.0,2024-01-22 01:00:00
104,Dave,24.0,Chicago,Shirt,,2024-01-22 02:00:00
417,Anna,-10.0,Chicago,Shirt,79.0,2024-01-22 03:00:00
393,Liam,150.0,Unknown,Trousers,1000.0,2024-01-22 04:00:00
299,Anna,,Chicago,Trousers,79.0,2024-01-22 05:00:00
246,Anna,,Unknown,Trousers,79.0,2024-01-22 06:00:00
176,Dave,150.0,Unknown,Shirt,79.0,2024-01-22 07:00:00
39,Eve,,Unknown,Shirt,1000.0,2024-01-22 08:00:00
477,Eve,24.0,Paris,Trousers,,2024-01-22 09:00:00
170,Anna,150.0,London,Trousers,1000.0,2024-01-22 10:00:00
247,Alice,-10.0,Unknown,None,,2024-01-22 11:00:00
26,Bob,150.0,Unknown,Trousers,,2024-01-22 12:00:00
355,Dave,24.0,London,None,,2024-01-22 13:00:00
306,Bob,24.0,New York,T-shirt,79.0,2024-01-22 14:00:00
409,Bob,150.0,Unknown,Shirt,79.0,2024-01-22 15:00:00
408,Eve,150.0,Paris,Trousers,,2024-01-22 16:00:00
13,Eve,,Chicago,Shirt,,2024-01-22 17:00:00
316,Alice,24.0,Chicago,Shirt,79.0,2024-01-22 18:00:00
391,Bob,150.0,Los Angeles,Shirt,1000.0,2024-01-22 19:00:00
313,Bob,150.0,Los Angeles,T-shirt,,2024-01-22 20:00:00
36,Anna,24.0,Chicago,Shoes,1000.0,2024-01-22 21:00:00
173,Eve,150.0,Chicago,Trousers,79.0,2024-01-22 22:00:00
20,Bob,,Paris,Shoes,,2024-01-22 23:00:00
321,Claire,24.0,London,Shoes,1000.0,2024-01-23 00:00:00
264,Alice,,Los Angeles,Shoes,1000.0,2024-01-23 01:00:00
494,Liam,,London,Shirt,1000.0,2024-01-23 02:00:00
400,Claire,,Paris,None,79.0,2024-01-23 03:00:00
142,Claire,,Chicago,Shirt,79.0,2024-01-23 04:00:00
460,Liam,24.0,Unknown,Shirt,1000.0,2024-01-23 05:00:00
371,Dave,,London,Shoes,1000.0,2024-01-23 06:00:00
471,Dave,,Chicago,Shirt,79.0,2024-01-23 07:00:00
143,Alice,150.0,Chicago,Shoes,1000.0,2024-01-23 08:00:00
92,Claire,24.0,New York,None,1000.0,2024-01-23 09:00:00
354,Bob,24.0,London,Trousers,79.0,2024-01-23 10:00:00
322,Eve,-10.0,Unknown,Shoes,1000.0,2024-01-23 11:00:00
288,Alice,24.0,London,None,1000.0,2024-01-23 12:00:00
215,Anna,24.0,Chicago,Trousers,1000.0,2024-01-23 13:00:00
447,Liam,-10.0,Unknown,T-shirt,79.0,2024-01-23 14:00:00
342,Claire,24.0,Paris,Shoes,1000.0,2024-01-23 15:00:00
51,Alice,24.0,New York,Shoes,79.0,2024-01-23 16:00:00
153,John,24.0,Chicago,T-shirt,79.0,2024-01-23 17:00:00
186,John,24.0,Los Angeles,T-shirt,,2024-01-23 18:00:00
63,Dave,-10.0,Los Angeles,Shoes,,2024-01-23 19:00:00
190,Liam,24.0,New York,T-shirt,1000.0,2024-01-23 20:00:00
125,Eve,24.0,Paris,Shirt,79.0,2024-01-23 21:00:00
150,Bob,-10.0,Chicago,Trousers,,2024-01-23 22:00:00
314,Eve,150.0,London,Trousers,1000.0,2024-01-23 23:00:00
58,Eve,,New York,Trousers,,2024-01-24 00:00:00
342,Eve,150.0,Paris,Shirt,,2024-01-24 01:00:00
305,Liam,-10.0,London,T-shirt,79.0,2024-01-24 02:00:00
180,Eve,,Los Angeles,None,79.0,2024-01-24 03:00:00
170,Anna,-10.0,Los Angeles,T-shirt,,2024-01-24 04:00:00
326,Liam,-10.0,London,Shoes,,2024-01-24 05:00:00
271,Anna,24.0,New York,Trousers,79.0,2024-01-24 06:00:00
54,Liam,,Los Angeles,T-shirt,1000.0,2024-01-24 07:00:00
491,Dave,24.0,Chicago,None,79.0,2024-01-24 08:00:00
444,Alice,,Unknown,Shoes,,2024-01-24 09:00:00
101,John,-10.0,London,Shirt,1000.0,2024-01-24 10:00:00
481,Eve,-10.0,London,Shirt,,2024-01-24 11:00:00
264,Dave,150.0,Los Angeles,None,1000.0,2024-01-24 12:00:00
53,Alice,,New York,Shoes,,2024-01-24 13:00:00
60,John,24.0,Chicago,Trousers,1000.0,2024-01-24 14:00:00
492,Claire,150.0,New York,T-shirt,1000.0,2024-01-24 15:00:00
108,Bob,150.0,Paris,Shoes,,2024-01-24 16:00:00
5,Anna,150.0,Paris,Shirt,1000.0,2024-01-24 17:00:00
103,Claire,24.0,Unknown,None,79.0,2024-01-24 18:00:00
196,Liam,150.0,Los Angeles,None,,2024-01-24 19:00:00
262,John,24.0,Los Angeles,T-shirt,79.0,2024-01-24 20:00:00
365,Claire,150.0,Los Angeles,None,,2024-01-24 21:00:00
480,Bob,24.0,Unknown,None,1000.0,2024-01-24 22:00:00
372,Dave,-10.0,Paris,Shoes,1000.0,2024-01-24 23:00:00
350,John,-10.0,New York,Trousers,1000.0,2024-01-25 00:00:00
47,Claire,-10.0,Unknown,T-shirt,,2024-01-25 01:00:00
355,Anna,-10.0,Unknown,Shoes,79.0,2024-01-25 02:00:00
311,Anna,-10.0,New York,Trousers,79.0,2024-01-25 03:00:00
424,Alice,150.0,Los Angeles,Shoes,,2024-01-25 04:00:00
308,Claire,150.0,Chicago,Shoes,,2024-01-25 05:00:00
144,Eve,150.0,New York,None,79.0,2024-01-25 06:00:00
269,Claire,24.0,Paris,Trousers,79.0,2024-01-25 07:00:00
370,Dave,24.0,London,T-shirt,79.0,2024-01-25 08:00:00
124,John,24.0,London,T-shirt,79.0,2024-01-25 09:00:00
106,John,24.0,Unknown,Trousers,,2024-01-25 10:00:00
158,Dave,-10.0,London,None,,2024-01-25 11:00:00
147,Claire,-10.0,Chicago,Shirt,1000.0,2024-01-25 12:00:00
145,Dave,-10.0,Los Angeles,Shoes,79.0,2024-01-25 13:00:00
120,Bob,,Paris,None,1000.0,2024-01-25 14:00:00
319,Liam,150.0,Chicago,Trousers,,2024-01-25 15:00:00
275,Dave,24.0,Paris,Shoes,,2024-01-25 16:00:00
92,Anna,24.0,Paris,T-shirt,1000.0,2024-01-25 17:00:00
58,Dave,-10.0,Los Angeles,Shirt,79.0,2024-01-25 18:00:00
439,John,24.0,Unknown,T-shirt,79.0,2024-01-25 19:00:00
346,Anna,24.0,London,Trousers,79.0,2024-01-25 20:00:00
229,John,150.0,Los Angeles,Shoes,79.0,2024-01-25 21:00:00
474,Alice,-10.0,Chicago,Trousers,1000.0,2024-01-25 22:00:00
117,Eve,150.0,Unknown,Shoes,1000.0,2024-01-25 23:00:00
318,John,,Chicago,None,,2024-01-26 00:00:00
279,Anna,,Unknown,Shirt,79.0,2024-01-26 01:00:00
127,Alice,,Chicago,None,79.0,2024-01-26 02:00:00
393,John,-10.0,Los Angeles,None,79.0,2024-01-26 03:00:00
396,Bob,24.0,Unknown,Trousers,1000.0,2024-01-26 04:00:00
129,Dave,-10.0,Unknown,Shirt,79.0,2024-01-26 05:00:00
58,Eve,-10.0,Paris,Shoes,1000.0,2024-01-26 06:00:00
122,John,24.0,Paris,Shoes,79.0,2024-01-26 07:00:00
1,Alice,150.0,New York,T-shirt,79.0,2024-01-26 08:00:00
239,Bob,,Chicago,Shoes,,2024-01-26 09:00:00
290,Claire,150.0,Paris,Trousers,79.0,2024-01-26 10:00:00
96,Alice,,New York,None,79.0,2024-01-26 11:00:00
126,Dave,-10.0,Paris,None,,2024-01-26 12:00:00
118,Alice,,Chicago,None,1000.0,2024-01-26 13:00:00
48,Bob,-10.0,Unknown,Shirt,1000.0,2024-01-26 14:00:00
89,Alice,150.0,London,Shoes,79.0,2024-01-26 15:00:00
488,Bob,-10.0,Chicago,Trousers,1000.0,2024-01-26 16:00:00
237,John,150.0,Los Angeles,Shirt,79.0,2024-01-26 17:00:00
373,Liam,24.0,Paris,T-shirt,,2024-01-26 18:00:00
385,Bob,24.0,Paris,Trousers,,2024-01-26 19:00:00
272,Bob,24.0,Unknown,Trousers,79.0,2024-01-26 20:00:00
189,Eve,-10.0,Los Angeles,Trousers,,2024-01-26 21:00:00
487,Bob,24.0,Unknown,None,,2024-01-26 22:00:00
192,Bob,,Los Angeles,Trousers,79.0,2024-01-26 23:00:00
447,Claire,150.0,London,Shoes,79.0,2024-01-27 00:00:00
69,Liam,150.0,Paris,Trousers,,2024-01-27 01:00:00
278,John,,Paris,None,1000.0,2024-01-27 02:00:00
349,Dave,-10.0,London,Trousers,1000.0,2024-01-27 03:00:00
247,Eve,-10.0,New York,T-shirt,79.0,2024-01-27 04:00:00
451,Claire,150.0,Unknown,T-shirt,79.0,2024-01-27 05:00:00
76,Anna,24.0,London,None,1000.0,2024-01-27 06:00:00
154,Liam,-10.0,Unknown,Shoes,,2024-01-27 07:00:00
144,John,-10.0,Chicago,Shoes,1000.0,2024-01-27 08:00:00
435,John,,Paris,Shirt,1000.0,2024-01-27 09:00:00
485,Anna,,Unknown,None,1000.0,2024-01-27 10:00:00
86,Dave,24.0,Los Angeles,Trousers,1000.0,2024-01-27 11:00:00
185,Bob,-10.0,Unknown,None,79.0,2024-01-27 12:00:00
285,Claire,-10.0,Chicago,Shirt,79.0,2024-01-27 13:00:00
462,Alice,,Paris,None,,2024-01-27 14:00:00
220,Eve,-10.0,London,None,,2024-01-27 15:00:00
69,Alice,150.0,Chicago,Shirt,,2024-01-27 16:00:00
47,Anna,,Paris,Shoes,,2024-01-27 17:00:00
497,John,24.0,Unknown,Trousers,1000.0,2024-01-27 18:00:00
94,Dave,,New York,Shirt,79.0,2024-01-27 19:00:00
238,John,-10.0,New York,T-shirt,79.0,2024-01-27 20:00:00
446,Eve,24.0,Los Angeles,Shoes,,2024-01-27 21:00:00
453,John,,Paris,T-shirt,,2024-01-27 22:00:00
204,John,150.0,New York,Shoes,1000.0,2024-01-27 23:00:00
400,Eve,150.0,London,Trousers,1000.0,2024-01-28 00:00:00
218,Claire,,Paris,Trousers,,2024-01-28 01:00:00
474,Claire,150.0,London,None,79.0,2024-01-28 02:00:00
432,Eve,150.0,London,T-shirt,79.0,2024-01-28 03:00:00
341,Dave,150.0,New York,Shoes,79.0,2024-01-28 04:00:00
39,Anna,24.0,Paris,Trousers,,2024-01-28 05:00:00
100,Liam,150.0,Unknown,Shirt,79.0,2024-01-28 06:00:00
289,John,150.0,Chicago,Trousers,1000.0,2024-01-28 07:00:00
254,Dave,150.0,New York,Shirt,1000.0,2024-01-28 08:00:00
222,John,24.0,New York,Shoes,,2024-01-28 09:00:00
357,Liam,,Unknown,Trousers,1000.0,2024-01-28 10:00:00
23,Anna,-10.0,Paris,Trousers,,2024-01-28 11:00:00
250,Claire,150.0,Paris,Shoes,79.0,2024-01-28 12:00:00
10,Dave,,London,Trousers,79.0,2024-01-28 13:00:00
246,Bob,150.0,Unknown,Shirt,79.0,2024-01-28 14:00:00
325,Bob,24.0,Unknown,Trousers,1000.0,2024-01-28 15:00:00
100,Liam,,Paris,T-shirt,,2024-01-28 16:00:00
290,Bob,24.0,London,None,79.0,2024-01-28 17:00:00
180,Claire,150.0,New York,Shirt,,2024-01-28 18:00:00
223,Liam,150.0,Los Angeles,T-shirt,79.0,2024-01-28 19:00:00
394,Claire,24.0,Chicago,Shoes,1000.0,2024-01-28 20:00:00
250,Anna,-10.0,New York,Shirt,1000.0,2024-01-28 21:00:00
147,John,24.0,Paris,None,,2024-01-28 22:00:00
442,Anna,150.0,Chicago,None,1000.0,2024-01-28 23:00:00
96,Anna,24.0,Los Angeles,Shoes,1000.0,2024-01-29 00:00:00
257,Claire,-10.0,Los Angeles,Shoes,,2024-01-29 01:00:00
325,Liam,24.0,London,Shirt,79.0,2024-01-29 02:00:00
493,Liam,-10.0,Chicago,Trousers,1000.0,2024-01-29 03:00:00
4,Bob,-10.0,London,Shoes,,2024-01-29 04:00:00
16,Alice,24.0,New York,Trousers,1000.0,2024-01-29 05:00:00
280,John,24.0,Unknown,T-shirt,1000.0,2024-01-29 06:00:00
336,Claire,,Unknown,None,1000.0,2024-01-29 07:00:00
247,Bob,150.0,Unknown,Trousers,1000.0,2024-01-29 08:00:00
258,Dave,-10.0,Chicago,None,,2024-01-29 09:00:00
497,Alice,,Unknown,Trousers,,2024-01-29 10:00:00
476,Alice,24.0,New York,T-shirt,,2024-01-29 11:00:00
384,Claire,150.0,London,Shoes,1000.0,2024-01-29 12:00:00
160,Eve,,Chicago,T-shirt,1000.0,2024-01-29 13:00:00
475,John,-10.0,London,Shoes,1000.0,2024-01-29 14:00:00
340,Alice,,Chicago,Shoes,,2024-01-29 15:00:00
152,Claire,-10.0,London,None,1000.0,2024-01-29 16:00:00
396,Claire,24.0,Los Angeles,T-shirt,79.0,2024-01-29 17:00:00
178,Bob,150.0,London,Trousers,1000.0,2024-01-29 18:00:00
163,Dave,150.0,Unknown,T-shirt,79.0,2024-01-29 19:00:00
380,Eve,150.0,Los Angeles,None,1000.0,2024-01-29 20:00:00
33,John,24.0,London,Shoes,,2024-01-29 21:00:00
417,Liam,-10.0,Chicago,None,1000.0,2024-01-29 22:00:00
445,Anna,24.0,Chicago,Shirt,79.0,2024-01-29 23:00:00
179,Dave,150.0,Chicago,Shirt,79.0,2024-01-30 00:00:00
427,Dave,24.0,Paris,Trousers,1000.0,2024-01-30 01:00:00
101,Bob,24.0,New York,None,79.0,2024-01-30 02:00:00
268,Liam,24.0,Chicago,Trousers,79.0,2024-01-30 03:00:00
323,Alice,-10.0,Los Angeles,Trousers,,2024-01-30 04:00:00
65,Alice,,Chicago,Shirt,1000.0,2024-01-30 05:00:00
417,Bob,,Paris,Trousers,1000.0,2024-01-30 06:00:00
168,Claire,24.0,Unknown,Shirt,1000.0,2024-01-30 07:00:00
330,Alice,,Los Angeles,Shoes,79.0,2024-01-30 08:00:00
43,Eve,,Paris,None,1000.0,2024-01-30 09:00:00
44,John,24.0,Unknown,Trousers,1000.0,2024-01-30 10:00:00
285,Dave,24.0,Los Angeles,Shirt,,2024-01-30 11:00:00
397,Dave,150.0,London,T-shirt,,2024-01-30 12:00:00
12,Eve,,New York,Trousers,,2024-01-30 13:00:00
95,Liam,-10.0,New York,Shoes,79.0,2024-01-30 14:00:00
302,Alice,24.0,Paris,Shoes,1000.0,2024-01-30 15:00:00
386,Dave,150.0,Unknown,T-shirt,,2024-01-30 16:00:00
253,Anna,-10.0,New York,Shirt,,2024-01-30 17:00:00
499,Liam,,Unknown,Trousers,,2024-01-30 18:00:00
242,John,150.0,Unknown,Shirt,1000.0,2024-01-30 19:00:00
35,John,24.0,Paris,Shoes,1000.0,2024-01-30 20:00:00
215,Dave,-10.0,Paris,Shirt,1000.0,2024-01-30 21:00:00
337,Bob,24.0,Paris,Shoes,79.0,2024-01-30 22:00:00
90,Liam,,New York,Shirt,79.0,2024-01-30 23:00:00
264,Dave,-10.0,Paris,T-shirt,,2024-01-31 00:00:00
93,Bob,,New York,None,1000.0,2024-01-31 01:00:00
410,Dave,,Paris,T-shirt,,2024-01-31 02:00:00
458,Anna,150.0,Chicago,T-shirt,1000.0,2024-01-31 03:00:00
90,Liam,24.0,Unknown,None,1000.0,2024-01-31 04:00:00
418,Claire,-10.0,Paris,None,1000.0,2024-01-31 05:00:00
115,John,,Los Angeles,Trousers,79.0,2024-01-31 06:00:00
105,Dave,,Unknown,Trousers,79.0,2024-01-31 07:00:00
391,Anna,-10.0,Unknown,T-shirt,1000.0,2024-01-31 08:00:00
196,Bob,,Paris,T-shirt,,2024-01-31 09:00:00
314,Bob,150.0,London,Shoes,1000.0,2024-01-31 10:00:00
114,John,150.0,Paris,Shoes,1000.0,2024-01-31 11:00:00
493,Eve,150.0,Unknown,Trousers,,2024-01-31 12:00:00
75,Dave,150.0,Los Angeles,Trousers,1000.0,2024-01-31 13:00:00
413,Liam,,Unknown,Shoes,,2024-01-31 14:00:00
376,Alice,-10.0,Los Angeles,Shoes,79.0,2024-01-31 15:00:00
420,Bob,-10.0,New York,Shirt,79.0,2024-01-31 16:00:00
217,Liam,-10.0,Chicago,Shirt,,2024-01-31 17:00:00
277,Liam,-10.0,Unknown,Shoes,79.0,2024-01-31 18:00:00
249,Claire,24.0,Paris,Shirt,79.0,2024-01-31 19:00:00
164,Liam,-10.0,New York,None,,2024-01-31 20:00:00
394,Liam,24.0,Chicago,Trousers,79.0,2024-01-31 21:00:00
357,Claire,24.0,Paris,Trousers,1000.0,2024-01-31 22:00:00
457,Bob,150.0,London,Shoes,1000.0,2024-01-31 23:00:00
408,Liam,24.0,Paris,T-shirt,,2024-02-01 00:00:00
192,Eve,,Los Angeles,Shoes,79.0,2024-02-01 01:00:00
227,Eve,24.0,Los Angeles,Shirt,1000.0,2024-02-01 02:00:00
177,Anna,150.0,London,T-shirt,1000.0,2024-02-01 03:00:00
99,Claire,24.0,New York,Shirt,79.0,2024-02-01 04:00:00
496,Anna,,Chicago,None,79.0,2024-02-01 05:00:00
36,Claire,,Paris,Shirt,1000.0,2024-02-01 06:00:00
466,Dave,,Los Angeles,None,1000.0,2024-02-01 07:00:00
497,Dave,150.0,New York,None,,2024-02-01 08:00:00
487,Liam,150.0,London,Shirt,,2024-02-01 09:00:00
96,Alice,-10.0,Unknown,Shirt,1000.0,2024-02-01 10:00:00
152,Dave,150.0,Los Angeles,None,,2024-02-01 11:00:00
151,Alice,,London,T-shirt,1000.0,2024-02-01 12:00:00
190,Dave,,Paris,None,1000.0,2024-02-01 13:00:00
224,John,150.0,Chicago,Trousers,,2024-02-01 14:00:00
37,Dave,24.0,Los Angeles,None,,2024-02-01 15:00:00
268,Anna,150.0,Los Angeles,T-shirt,79.0,2024-02-01 16:00:00
369,Bob,150.0,Paris,Trousers,79.0,2024-02-01 17:00:00
183,Liam,,Unknown,Shoes,79.0,2024-02-01 18:00:00
13,Anna,-10.0,New York,Shoes,1000.0,2024-02-01 19:00:00
279,Bob,,Chicago,T-shirt,,2024-02-01 20:00:00
217,Eve,-10.0,Los Angeles,None,1000.0,2024-02-01 21:00:00
355,Anna,,Chicago,Shirt,,2024-02-01 22:00:00
361,Eve,150.0,Los Angeles,T-shirt,1000.0,2024-02-01 23:00:00
286,Alice,,Chicago,Trousers,79.0,2024-02-02 00:00:00
273,Alice,,London,Trousers,79.0,2024-02-02 01:00:00
369,John,,Los Angeles,Shoes,79.0,2024-02-02 02:00:00
62,Dave,150.0,Chicago,Trousers,1000.0,2024-02-02 03:00:00
84,Anna,150.0,New York,T-shirt,,2024-02-02 04:00:00
368,Eve,150.0,London,Trousers,,2024-02-02 05:00:00
217,Bob,150.0,London,T-shirt,79.0,2024-02-02 06:00:00
342,Alice,-10.0,New York,Shirt,79.0,2024-02-02 07:00:00
397,Dave,-10.0,Chicago,Shoes,79.0,2024-02-02 08:00:00
187,Alice,24.0,Paris,Trousers,79.0,2024-02-02 09:00:00
19,Bob,150.0,New York,T-shirt,,2024-02-02 10:00:00
177,Dave,-10.0,Chicago,None,1000.0,2024-02-02 11:00:00
100,Dave,,New York,Shoes,1000.0,2024-02-02 12:00:00
396,Eve,150.0,New York,Shirt,1000.0,2024-02-02 13:00:00
445,Eve,24.0,Los Angeles,T-shirt,1000.0,2024-02-02 14:00:00
233,Anna,24.0,Chicago,Shirt,79.0,2024-02-02 15:00:00
403,Anna,24.0,Paris,Shirt,79.0,2024-02-02 16:00:00
76,Claire,,Los Angeles,Trousers,79.0,2024-02-02 17:00:00
265,Liam,-10.0,New York,Trousers,1000.0,2024-02-02 18:00:00
455,Claire,,Unknown,T-shirt,79.0,2024-02-02 19:00:00
284,John,150.0,New York,None,79.0,2024-02-02 20:00:00
206,Alice,24.0,New York,T-shirt,,2024-02-02 21:00:00
223,Anna,,Chicago,None,,2024-02-02 22:00:00
384,Eve,,Chicago,Shirt,79.0,2024-02-02 23:00:00
52,Bob,-10.0,Los Angeles,Shoes,,2024-02-03 00:00:00
339,Eve,-10.0,Paris,T-shirt,,2024-02-03 01:00:00
367,Alice,24.0,Los Angeles,T-shirt,79.0,2024-02-03 02:00:00
144,Claire,,London,None,79.0,2024-02-03 03:00:00
373,Eve,,New York,Shirt,79.0,2024-02-03 04:00:00
69,Liam,-10.0,Unknown,Shirt,79.0,2024-02-03 05:00:00
99,John,,New York,None,1000.0,2024-02-03 06:00:00
396,Alice,,New York,Shirt,1000.0,2024-02-03 07:00:00
25,Claire,,Los Angeles,Trousers,79.0,2024-02-03 08:00:00
436,Liam,-10.0,Unknown,Shoes,,2024-02-03 09:00:00
379,Bob,24.0,Unknown,T-shirt,79.0,2024-02-03 10:00:00
469,Claire,150.0,Unknown,Shoes,79.0,2024-02-03 11:00:00
484,Dave,24.0,Los Angeles,T-shirt,,2024-02-03 12:00:00
53,Liam,150.0,New York,Trousers,1000.0,2024-02-03 13:00:00
151,Liam,,Los Angeles,Shirt,79.0,2024-02-03 14:00:00
144,John,24.0,Chicago,None,79.0,2024-02-03 15:00:00
57,Alice,150.0,Chicago,Trousers,1000.0,2024-02-03 16:00:00
39,Bob,-10.0,Los Angeles,Shoes,1000.0,2024-02-03 17:00:00
109,John,-10.0,Unknown,None,,2024-02-03 18:00:00
181,Claire,24.0,New York,Shirt,1000.0,2024-02-03 19:00:00
42,John,24.0,Los Angeles,Trousers,1000.0,2024-02-03 20:00:00
186,Liam,,Los Angeles,None,1000.0,2024-02-03 21:00:00
423,Alice,24.0,Los Angeles,Trousers,,2024-02-03 22:00:00
398,Anna,,London,Trousers,1000.0,2024-02-03 23:00:00
223,John,,Chicago,Shirt,1000.0,2024-02-04 00:00:00
122,Dave,-10.0,Unknown,T-shirt,,2024-02-04 01:00:00
133,John,-10.0,Paris,None,1000.0,2024-02-04 02:00:00
163,Claire,150.0,Unknown,Shirt,1000.0,2024-02-04 03:00:00
215,Claire,-10.0,Paris,Trousers,,2024-02-04 04:00:00
221,Bob,-10.0,London,Shirt,79.0,2024-02-04 05:00:00
235,Claire,24.0,Los Angeles,T-shirt,,2024-02-04 06:00:00
331,Eve,-10.0,London,None,1000.0,2024-02-04 07:00:00
146,Alice,150.0,London,T-shirt,1000.0,2024-02-04 08:00:00
239,Alice,24.0,New York,Shoes,1000.0,2024-02-04 09:00:00
76,Anna,150.0,Chicago,None,,2024-02-04 10:00:00
9,Anna,-10.0,Paris,T-shirt,1000.0,2024-02-04 11:00:00
74,Alice,150.0,Los Angeles,Trousers,1000.0,2024-02-04 12:00:00
442,Dave,24.0,Paris,None,,2024-02-04 13:00:00
492,Anna,,Unknown,None,79.0,2024-02-04 14:00:00
401,Bob,150.0,Paris,Shirt,79.0,2024-02-04 15:00:00
253,Claire,150.0,Unknown,Trousers,1000.0,2024-02-04 16:00:00
230,Alice,24.0,Chicago,Shoes,,2024-02-04 17:00:00
7,Liam,24.0,Unknown,T-shirt,1000.0,2024-02-04 18:00:00
174,Anna,150.0,Paris,Shirt,,2024-02-04 19:00:00
141,Alice,-10.0,Paris,T-shirt,,2024-02-04 20:00:00
168,Eve,150.0,Unknown,Shoes,79.0,2024-02-04 21:00:00
170,John,24.0,London,Shoes,79.0,2024-02-04 22:00:00
393,Claire,,Chicago,None,,2024-02-04 23:00:00
434,Alice,,New York,Shoes,1000.0,2024-02-05 00:00:00
283,John,-10.0,Los Angeles,T-shirt,79.0,2024-02-05 01:00:00
122,Anna,150.0,Paris,Trousers,1000.0,2024-02-05 02:00:00
194,John,,Los Angeles,Trousers,79.0,2024-02-05 03:00:00
5,Claire,150.0,New York,None,79.0,2024-02-05 04:00:00
29,Alice,24.0,Los Angeles,T-shirt,1000.0,2024-02-05 05:00:00
165,Eve,,New York,T-shirt,79.0,2024-02-05 06:00:00
422,Dave,-10.0,Unknown,Shoes,79.0,2024-02-05 07:00:00
339,Anna,24.0,London,T-shirt,1000.0,2024-02-05 08:00:00
136,Alice,-10.0,Paris,Shirt,79.0,2024-02-05 09:00:00
496,Claire,24.0,New York,Shoes,79.0,2024-02-05 10:00:00
365,Anna,,Los Angeles,Shirt,79.0,2024-02-05 11:00:00
321,Bob,-10.0,Paris,None,1000.0,2024-02-05 12:00:00
342,John,-10.0,London,Trousers,,2024-02-05 13:00:00
145,Dave,24.0,Unknown,None,1000.0,2024-02-05 14:00:00
327,Claire,-10.0,Paris,Trousers,,2024-02-05 15:00:00
217,Bob,24.0,New York,None,79.0,2024-02-05 16:00:00
301,Liam,24.0,London,T-shirt,,2024-02-05 17:00:00
132,Alice,24.0,Los Angeles,Shirt,1000.0,2024-02-05 18:00:00
292,Eve,24.0,London,Trousers,1000.0,2024-02-05 19:00:00
70,Anna,,London,Shoes,79.0,2024-02-05 20:00:00
252,John,24.0,Chicago,Shirt,,2024-02-05 21:00:00
415,Anna,150.0,London,Shoes,79.0,2024-02-05 22:00:00
275,Dave,-10.0,London,Shirt,79.0,2024-02-05 23:00:00
445,Alice,150.0,Paris,Shirt,1000.0,2024-02-06 00:00:00
364,Anna,,Los Angeles,None,,2024-02-06 01:00:00
182,John,150.0,Paris,Trousers,,2024-02-06 02:00:00
167,Alice,-10.0,Paris,Trousers,,2024-02-06 03:00:00
91,Anna,150.0,New York,Shirt,,2024-02-06 04:00:00
202,Eve,,Paris,T-shirt,79.0,2024-02-06 05:00:00
346,Claire,24.0,Chicago,T-shirt,79.0,2024-02-06 06:00:00
19,Alice,150.0,Chicago,Shoes,1000.0,2024-02-06 07:00:00
39,Claire,,New York,Shoes,79.0,2024-02-06 08:00:00
126,Liam,,Unknown,None,79.0,2024-02-06 09:00:00
451,Alice,-10.0,Los Angeles,Shirt,1000.0,2024-02-06 10:00:00
173,Eve,-10.0,Los Angeles,Shoes,1000.0,2024-02-06 11:00:00
141,Claire,150.0,Paris,Shoes,1000.0,2024-02-06 12:00:00
242,Bob,24.0,Paris,Shirt,79.0,2024-02-06 13:00:00
220,John,,Unknown,None,79.0,2024-02-06 14:00:00
126,Bob,150.0,Paris,Shoes,1000.0,2024-02-06 15:00:00
58,Anna,,Los Angeles,None,1000.0,2024-02-06 16:00:00
148,Eve,,London,Trousers,1000.0,2024-02-06 17:00:00
476,Bob,24.0,Chicago,None,79.0,2024-02-06 18:00:00
456,Alice,24.0,London,T-shirt,79.0,2024-02-06 19:00:00
317,Anna,150.0,London,T-shirt,,2024-02-06 20:00:00
383,Anna,24.0,Los Angeles,None,79.0,2024-02-06 21:00:00
361,Bob,24.0,London,T-shirt,79.0,2024-02-06 22:00:00
423,Liam,150.0,Unknown,Trousers,79.0,2024-02-06 23:00:00
1,Bob,24.0,New York,Shirt,1000.0,2024-02-07 00:00:00
387,Liam,-10.0,Paris,T-shirt,79.0,2024-02-07 01:00:00
461,Eve,,New York,T-shirt,1000.0,2024-02-07 02:00:00
348,John,,Chicago,None,,2024-02-07 03:00:00
190,Bob,,Paris,Trousers,,2024-02-07 04:00:00
191,Dave,,London,Shirt,1000.0,2024-02-07 05:00:00
369,Liam,150.0,Chicago,None,1000.0,2024-02-07 06:00:00
409,Bob,,Paris,None,1000.0,2024-02-07 07:00:00
312,Claire,,Unknown,Trousers,79.0,2024-02-07 08:00:00
417,Alice,,Unknown,Shirt,,2024-02-07 09:00:00
422,Dave,,Unknown,Trousers,1000.0,2024-02-07 10:00:00
117,Dave,-10.0,Unknown,Shirt,79.0,2024-02-07 11:00:00
134,Liam,,London,Trousers,,2024-02-07 12:00:00
58,Claire,-10.0,New York,None,79.0,2024-02-07 13:00:00
44,Claire,150.0,Paris,None,,2024-02-07 14:00:00
173,Anna,24.0,London,Shoes,79.0,2024-02-07 15:00:00
160,Liam,,Unknown,T-shirt,,2024-02-07 16:00:00
173,John,24.0,New York,Trousers,,2024-02-07 17:00:00
317,Alice,24.0,Chicago,Shoes,79.0,2024-02-07 18:00:00
303,Eve,150.0,Chicago,T-shirt,1000.0,2024-02-07 19:00:00
149,Dave,24.0,Chicago,Trousers,,2024-02-07 20:00:00
80,Eve,-10.0,Unknown,Shirt,1000.0,2024-02-07 21:00:00
374,Bob,24.0,Chicago,T-shirt,79.0,2024-02-07 22:00:00
213,Bob,24.0,Los Angeles,None,1000.0,2024-02-07 23:00:00
203,Eve,24.0,Paris,Shoes,1000.0,2024-02-08 00:00:00
252,Bob,,Paris,T-shirt,1000.0,2024-02-08 01:00:00
229,John,,Unknown,T-shirt,1000.0,2024-02-08 02:00:00
164,Claire,-10.0,Los Angeles,None,1000.0,2024-02-08 03:00:00
227,Bob,-10.0,London,Trousers,,2024-02-08 04:00:00
147,Anna,,London,Shirt,,2024-02-08 05:00:00
20,Bob,-10.0,Chicago,None,,2024-02-08 06:00:00
441,Alice,,New York,Shirt,79.0,2024-02-08 07:00:00
402,John,150.0,London,Trousers,1000.0,2024-02-08 08:00:00
47,Alice,24.0,New York,T-shirt,,2024-02-08 09:00:00
233,Alice,24.0,Paris,Shirt,79.0,2024-02-08 10:00:00
305,Anna,-10.0,New York,Shoes,,2024-02-08 11:00:00
14,John,,Paris,Shoes,,2024-02-08 12:00:00
143,John,,Los Angeles,None,1000.0,2024-02-08 13:00:00
415,Liam,-10.0,Los Angeles,Trousers,79.0,2024-02-08 14:00:00
1,John,,Unknown,None,1000.0,2024-02-08 15:00:00
373,John,150.0,Unknown,None,1000.0,2024-02-08 16:00:00
54,John,24.0,Chicago,None,,2024-02-08 17:00:00
374,Anna,-10.0,London,Shoes,1000.0,2024-02-08 18:00:00
259,Bob,-10.0,Chicago,Shoes,79.0,2024-02-08 19:00:00
144,Liam,,Paris,None,1000.0,2024-02-08 20:00:00
471,Alice,-10.0,Chicago,Shoes,1000.0,2024-02-08 21:00:00
441,John,150.0,New York,Trousers,1000.0,2024-02-08 22:00:00
459,Dave,,Paris,None,,2024-02-08 23:00:00
12,Bob,,Unknown,Shoes,79.0,2024-02-09 00:00:00
330,Bob,,Los Angeles,Shirt,,2024-02-09 01:00:00
224,Alice,,Unknown,None,,2024-02-09 02:00:00
272,Anna,150.0,London,None,,2024-02-09 03:00:00
456,Eve,,Paris,Trousers,,2024-02-09 04:00:00
358,Eve,-10.0,Paris,T-shirt,,2024-02-09 05:00:00
460,Bob,150.0,New York,T-shirt,79.0,2024-02-09 06:00:00
408,Claire,24.0,London,Trousers,1000.0,2024-02-09 07:00:00
156,Claire,24.0,Los Angeles,Trousers,,2024-02-09 08:00:00
373,Alice,-10.0,Paris,Trousers,,2024-02-09 09:00:00
8,Eve,-10.0,Paris,T-shirt,79.0,2024-02-09 10:00:00
122,Bob,150.0,New York,Trousers,79.0,2024-02-09 11:00:00
348,Anna,24.0,Chicago,Shoes,1000.0,2024-02-09 12:00:00
164,Eve,24.0,Los Angeles,None,79.0,2024-02-09 13:00:00
90,Bob,24.0,Unknown,None,1000.0,2024-02-09 14:00:00
136,Bob,24.0,London,Shirt,,2024-02-09 15:00:00
186,John,24.0,Paris,Shirt,,2024-02-09 16:00:00
316,Anna,,Paris,None,1000.0,2024-02-09 17:00:00
178,John,-10.0,Unknown,Shoes,79.0,2024-02-09 18:00:00
28,Alice,,Los Angeles,T-shirt,1000.0,2024-02-09 19:00:00
220,John,24.0,Chicago,T-shirt,79.0,2024-02-09 20:00:00
357,Dave,150.0,Paris,Shoes,,2024-02-09 21:00:00
41,John,150.0,Los Angeles,T-shirt,79.0,2024-02-09 22:00:00
228,Dave,24.0,Unknown,Trousers,1000.0,2024-02-09 23:00:00
192,Eve,24.0,New York,None,1000.0,2024-02-10 00:00:00
411,Claire,150.0,Chicago,None,,2024-02-10 01:00:00
447,Liam,,London,Shoes,79.0,2024-02-10 02:00:00
145,Liam,,Paris,T-shirt,79.0,2024-02-10 03:00:00
201,Bob,24.0,Los Angeles,Shirt,79.0,2024-02-10 04:00:00
417,Liam,,New York,Shirt,,2024-02-10 05:00:00
212,Dave,150.0,London,T-shirt,79.0,2024-02-10 06:00:00
461,Anna,,Los Angeles,Shirt,1000.0,2024-02-10 07:00:00
220,John,24.0,Los Angeles,Shoes,79.0,2024-02-10 08:00:00
240,Dave,150.0,London,Shoes,,2024-02-10 09:00:00
413,Anna,,New York,T-shirt,79.0,2024-02-10 10:00:00
397,Claire,-10.0,Unknown,Shirt,79.0,2024-02-10 11:00:00
46,Liam,150.0,New York,Shoes,1000.0,2024-02-10 12:00:00
35,Claire,150.0,Chicago,Shoes,79.0,2024-02-10 13:00:00
253,Liam,-10.0,Paris,Trousers,1000.0,2024-02-10 14:00:00
390,John,-10.0,London,Trousers,1000.0,2024-02-10 15:00:00
82,Alice,150.0,Unknown,Shoes,,2024-02-10 16:00:00
371,John,-10.0,London,T-shirt,1000.0,2024-02-10 17:00:00
256,Eve,24.0,London,None,1000.0,2024-02-10 18:00:00
197,Dave,24.0,New York,None,,2024-02-10 19:00:00
303,Bob,24.0,Paris,Shoes,1000.0,2024-02-10 20:00:00
409,Alice,150.0,Chicago,Shoes,,2024-02-10 21:00:00
450,John,-10.0,Los Angeles,Shoes,79.0,2024-02-10 22:00:00
10,Anna,-10.0,Los Angeles,T-shirt,,2024-02-10 23:00:00
312,Alice,,London,Trousers,1000.0,2024-02-11 00:00:00
286,Dave,,Paris,Shoes,,2024-02-11 01:00:00
242,Liam,-10.0,Unknown,Shoes,1000.0,2024-02-11 02:00:00
251,Alice,-10.0,New York,Shirt,79.0,2024-02-11 03:00:00
365,Liam,-10.0,Paris,T-shirt,,2024-02-11 04:00:00
5,Dave,150.0,Paris,Shoes,79.0,2024-02-11 05:00:00
119,John,-10.0,New York,Shirt,1000.0,2024-02-11 06:00:00
289,Dave,,London,None,1000.0,2024-02-11 07:00:00
374,Alice,150.0,Paris,Shoes,79.0,2024-02-11 08:00:00
65,Anna,-10.0,Los Angeles,Shoes,,2024-02-11 09:00:00
146,Claire,,New York,Shirt,,2024-02-11 10:00:00
224,Alice,150.0,Unknown,T-shirt,1000.0,2024-02-11 11:00:00
239,Dave,-10.0,Chicago,Shoes,79.0,2024-02-11 12:00:00
177,Claire,-10.0,London,None,79.0,2024-02-11 13:00:00
267,Dave,-10.0,New York,Shoes,,2024-02-11 14:00:00
341,Anna,150.0,Chicago,None,,2024-02-11 15:00:00
